id;name;documentation;c_4_level;project_id
1;azure;Facilitator;CONTEXT;1
2;Isle line Tunisia;optimizing auxiliary Tasty;CONTEXT;2
3;Practical web-enabled Delaware;Unbranded Health;CONTAINERS;3
4;Handmade Skyway Chair;maroon Industrial;CONTAINERS;4
5;users Centers compressing;multi-state systems;CONTAINERS;5
6;challenge Pennsylvania Designer;Highway methodologies;CONTEXT;6
7;homogeneous invoice Fresh;Mandatory Fantastic;CONTAINERS;7
8;Handmade parallelism;visualize;CONTAINERS;8
9;Table Analyst;Uzbekistan;CONTAINERS;9
10;Granite driver;connecting primary Tuna;CONTEXT;10
